log_id,timestamp,cluster_id,vehicle_id,total_qty,total_distance_km,delivery_mode,order_ids,reasoning
894c3f8e-fb9f-4e2a-90bc-02575dee576f,2026-02-21T15:25:47,CL_8610,V5,43,14.65,economic,"[""O001"", ""O002"", ""O003""]","[""Vehicle V5 has sufficient capacity (90) for the total quantity (43)."", ""Vehicle V5's delivery mode 'economic' matches the cluster's requirement."", ""Vehicle V5 offers a superior balance of scores, with higher ML priority (0.9 vs 0.8486) and reliability (0.95 vs 0.9222) while maintaining an equal sustainability score (0.75 vs 0.75) compared to V2.""]"
4720e375-06b3-4cf1-bc0d-3e4621dfdb34,2026-02-21T19:14:40,CL_7086,V5,43,14.65,economic,"[""O001"", ""O002"", ""O003""]","[""Vehicle V5 has a higher ML priority score (0.9) compared to V2 (0.8486)."", ""Vehicle V5 has a higher reliability score (0.95) compared to V2 (0.9222)."", ""Both vehicles meet the capacity requirement for total_qty 43 and match the 'economic' delivery mode, with identical sustainability scores (0.75).""]"
560c5632-b82e-4070-9200-2cd85c4eb56a,2026-02-22T01:14:18,CL_2015,V5,43,14.65,economic,"[""O001"", ""O002"", ""O003""]","[""Vehicle V5's capacity (90) comfortably exceeds the total quantity (43), meeting the capacity requirement."", ""Vehicle V5 has a superior ML priority score of 0.9 compared to V2's 0.8486."", ""Vehicle V5 offers higher reliability (0.95) compared to V2 (0.9222), with both vehicles matching the required 'economic' delivery mode and sustainability score (0.75).""]"
d40f8ab6-2746-496d-a8e7-a477b1eac200,2026-02-22T01:30:50,CL_5669,V5,40,22.45,economic,"[""O001"", ""O003"", ""O005""]","[""Both candidate vehicles meet the total quantity requirement of 40 units."", ""Vehicle V5 has a higher ML priority score (0.9) compared to V2 (0.8486)."", ""Vehicle V5 has a higher reliability score (0.95) compared to V2 (0.9222), while both vehicles have an equal sustainability score.""]"
49049cd4-2e8e-4199-a1ca-33a83847c204,2026-02-22T01:31:20,CL_8088,V5,43,14.65,economic,"[""O001"", ""O002"", ""O003""]","[""Vehicle V5 meets the capacity requirement with 90 units, sufficient for the total quantity of 43."", ""V5 has a higher ML priority score (0.9) compared to V2 (0.8486)."", ""V5 demonstrates higher reliability (0.95) than V2 (0.9222), while both vehicles share the same sustainability score (0.75) and match the 'economic' delivery mode.""]"
988d1cab-c6af-49fc-844f-733fc49ec4b7,2026-02-22T01:40:59,CL_4427,V5,43,14.65,economic,"[""O001"", ""O002"", ""O003""]","[""Vehicle V5's capacity of 90 units is sufficient for the total quantity of 43 units."", ""V5 has a higher ML priority score (0.9) compared to V2 (0.8486)."", ""V5 has a higher reliability score (0.95) compared to V2 (0.9222), and equal sustainability score (0.75) with V2, providing a better overall balance.""]"
8cad0c65-6d53-4c24-910b-2e283b296a42,2026-02-22T03:34:19,CL_8534,V5,43,14.65,economic,"[""O001"", ""O002"", ""O003""]","[""Vehicle V5 has a higher ML priority score (0.9) compared to V2 (0.8486)."", ""Vehicle V5 demonstrates higher reliability (0.95) over V2 (0.9222)."", ""Both vehicles meet the required total quantity (43) and have identical sustainability scores (0.75), making V5 the superior choice overall.""]"
7b512be5-689e-40b7-9522-10ae607a11fa,2026-02-22T03:56:19,CL_8534,V5,43,14.65,economic,"[""O001"", ""O002"", ""O003""]","[""Vehicle V5's capacity of 90 is sufficient for the total quantity of 43, meeting the capacity requirement."", ""Vehicle V5 has a higher ML priority score (0.9) compared to V2 (0.8486)."", ""Vehicle V5 has a higher reliability score (0.95) compared to V2 (0.9222), while maintaining an equal sustainability score (0.75), providing a better overall balance.""]"
dd7b4dfb-a2ee-4bc7-9fda-2fa35877a650,2026-02-22T07:40:52,CL_6283,V5,43,14.65,economic,"[""O001"", ""O002"", ""O003""]","[""Vehicle V5's capacity (90) is sufficient for the total quantity (43)."", ""Vehicle V5 has a higher ML priority score (0.9) compared to V2 (0.8486)."", ""Vehicle V5 has a higher reliability score (0.95) compared to V2 (0.9222), with sustainability scores being equal.""]"
